{"cameraMode":{"drawMode":0,"name":"Shaded","section":"Shading Mode"},"sceneLighting":false,"audioPlay":false,"sceneViewState":{"showFog":true,"showMaterialUpdate":true,"showSkybox":false,"showFlares":true,"showImageEffects":true,"showParticleSystems":true},"in2DMode":false,"pivot":{"x":-512.2963256835938,"y":1.1457680463790894,"z":-135.1531524658203},"rotation":{"x":-0.06443493813276291,"y":-0.9287043809890747,"z":0.1929967999458313,"w":-0.3100338876247406},"size":3.268120050430298,"orthographic":false}