{"cameraMode":{"drawMode":0,"name":"Shaded","section":"Shading Mode"},"sceneLighting":false,"audioPlay":false,"sceneViewState":{"showFog":true,"showMaterialUpdate":true,"showSkybox":false,"showFlares":true,"showImageEffects":true,"showParticleSystems":true},"in2DMode":false,"pivot":{"x":-0.00004273653030395508,"y":0.30723467469215395,"z":0.20276480913162232},"rotation":{"x":-0.044740669429302219,"y":-0.8982559442520142,"z":0.09411630034446717,"w":-0.426952064037323},"size":4.475345134735107,"orthographic":false}