{"cameraMode":{"drawMode":0,"name":"Shaded","section":"Shading Mode"},"sceneLighting":false,"audioPlay":false,"sceneViewState":{"showFog":true,"showMaterialUpdate":false,"showSkybox":false,"showFlares":true,"showImageEffects":true,"showParticleSystems":true},"in2DMode":false,"pivot":{"x":-511.0327453613281,"y":1.7028579711914063,"z":-133.22808837890626},"rotation":{"x":-0.040741048753261569,"y":0.2685137093067169,"z":-0.01136823557317257,"w":-0.9623522162437439},"size":5.301580429077148,"orthographic":false}