{"cameraMode":{"drawMode":0,"name":"Shaded","section":"Shading Mode"},"sceneLighting":true,"audioPlay":false,"sceneViewState":{"showFog":true,"showMaterialUpdate":true,"showSkybox":true,"showFlares":true,"showImageEffects":true,"showParticleSystems":true},"in2DMode":false,"pivot":{"x":538.4373779296875,"y":-159.57012939453126,"z":192.2674560546875},"rotation":{"x":-0.31601178646087649,"y":-0.16034308075904847,"z":0.05426708981394768,"w":-0.9335455894470215},"size":1887.6326904296875,"orthographic":false}