{"cameraMode":{"drawMode":0,"name":"Shaded","section":"Shading Mode"},"sceneLighting":false,"audioPlay":false,"sceneViewState":{"showFog":true,"showMaterialUpdate":true,"showSkybox":false,"showFlares":true,"showImageEffects":true,"showParticleSystems":true},"in2DMode":false,"pivot":{"x":10.706460952758789,"y":0.013908863067626953,"z":19.81960105895996},"rotation":{"x":-0.044740669429302219,"y":-0.8982559442520142,"z":0.09411630034446717,"w":-0.426952064037323},"size":28.649723052978517,"orthographic":false}