{"cameraMode":{"drawMode":0,"name":"Shaded","section":"Shading Mode"},"sceneLighting":true,"audioPlay":false,"sceneViewState":{"showFog":true,"showMaterialUpdate":false,"showSkybox":true,"showFlares":true,"showImageEffects":true,"showParticleSystems":true},"in2DMode":false,"pivot":{"x":-523.2442626953125,"y":-7.543878555297852,"z":-185.0975799560547},"rotation":{"x":-0.021987373009324075,"y":-0.9759027361869812,"z":0.11707255989313126,"w":-0.18302199244499207},"size":40.59779357910156,"orthographic":false}