{"cameraMode":{"drawMode":0,"name":"Shaded","section":"Shading Mode"},"sceneLighting":false,"audioPlay":false,"sceneViewState":{"showFog":true,"showMaterialUpdate":false,"showSkybox":false,"showFlares":true,"showImageEffects":true,"showParticleSystems":true},"in2DMode":false,"pivot":{"x":0.3059999942779541,"y":0.07400000095367432,"z":1.559999942779541},"rotation":{"x":-0.08982563763856888,"y":0.42122769355773928,"z":-0.04197060689330101,"w":-0.901524543762207},"size":0.20208312571048737,"orthographic":false}