{"cameraMode":{"drawMode":0,"name":"Shaded","section":"Shading Mode"},"sceneLighting":false,"audioPlay":false,"sceneViewState":{"showFog":true,"showMaterialUpdate":false,"showSkybox":false,"showFlares":true,"showImageEffects":true,"showParticleSystems":true},"in2DMode":false,"pivot":{"x":-1.2200000286102296,"y":-0.559999942779541,"z":-20.790000915527345},"rotation":{"x":-0.08982563763856888,"y":0.42122769355773928,"z":-0.04197060689330101,"w":-0.901524543762207},"size":4.286825656890869,"orthographic":false}